ehome.zte.com.cn,zte.com.cn,1418178035246,1,0
etrip.zte.com.cn,zte.com.cn,1418205314129,2,0
www.guancha.cn,guancha.cn,1418288214111,3,3
www.zaobao.com,zaobao.com,1418370600721,1,1
share.zte.com.cn,zte.com.cn,1420505672000,0,0
share.zte.com.cn,zte.com.cn,1420505754000,0,0
share.zte.com.cn,zte.com.cn,1420505776000,0,0
share.zte.com.cn,zte.com.cn,1420505838000,0,0
hr.zte.com.cn,zte.com.cn,1420506398000,0,0
hr.zte.com.cn,zte.com.cn,1420506986000,0,0
hr.zte.com.cn,zte.com.cn,1420507806000,0,0
hr.zte.com.cn,zte.com.cn,1420507814000,0,0
dme.zte.com.cn,zte.com.cn,1420507814000,0,0
share.zte.com.cn,zte.com.cn,1420510780000,0,0
share.zte.com.cn,zte.com.cn,1420513038000,0,0
share.zte.com.cn,zte.com.cn,1420513724000,0,0
share.zte.com.cn,zte.com.cn,1420514298000,0,0
share.zte.com.cn,zte.com.cn,1420514326000,0,0
share.zte.com.cn,zte.com.cn,1420523618000,0,0
share.zte.com.cn,zte.com.cn,1420523726000,0,0
share.zte.com.cn,zte.com.cn,1420523988000,0,0
share.zte.com.cn,zte.com.cn,1420524014000,0,0
share.zte.com.cn,zte.com.cn,1420525168000,0,0
pos.baidu.com,baidu.com,1420525462000,0,0
pos.baidu.com,baidu.com,1420525466000,0,0
comment8.mydrivers.com,mydrivers.com,1420525468000,0,0
news.mydrivers.com,mydrivers.com,1420525476000,0,0
pos.baidu.com,baidu.com,1420525476000,0,0
news.mydrivers.com,mydrivers.com,1420525476000,0,0
pos.baidu.com,baidu.com,1420525476000,0,0
eclick.baidu.com,baidu.com,1420525478000,0,0
eclick.baidu.com,baidu.com,1420525478000,0,0
s.cpro.baidu.com,baidu.com,1420525506000,0,0
bd.tst.35go.net,35go.net,1420525506000,0,0
pos.baidu.com,baidu.com,1420525506000,0,0
weibo.com,weibo.com,1420525506000,0,0
stats.autohome.com.cn,autohome.com.cn,1420525510000,0,0
stats.autohome.com.cn,autohome.com.cn,1420525512000,0,0
weibo.com,weibo.com,1420525526000,0,0
s.cpro.baidu.com,baidu.com,1420525526000,0,0
pos.baidu.com,baidu.com,1420525526000,0,0
bd.tst.35go.net,35go.net,1420525526000,0,0
stats.autohome.com.cn,autohome.com.cn,1420525528000,0,0
login.taobao.com,taobao.com,1420525528000,0,0
bd.tst.35go.net,35go.net,1420525564000,0,0
pos.baidu.com,baidu.com,1420525564000,0,0
weibo.com,weibo.com,1420525564000,0,0
s.cpro.baidu.com,baidu.com,1420525564000,0,0
eclick.baidu.com,baidu.com,1420525566000,0,0
club.autohome.com.cn,autohome.com.cn,1420525566000,0,0
login.taobao.com,taobao.com,1420525566000,0,0
stats.autohome.com.cn,autohome.com.cn,1420525566000,0,0
pos.baidu.com,baidu.com,1420525630000,0,0
weibo.com,weibo.com,1420525632000,0,0
s.cpro.baidu.com,baidu.com,1420525632000,0,0
bd.tst.35go.net,35go.net,1420525632000,0,0
login.taobao.com,taobao.com,1420525632000,0,0
stats.autohome.com.cn,autohome.com.cn,1420525634000,0,0
s.cpro.baidu.com,baidu.com,1420525656000,0,0
bd.tst.35go.net,35go.net,1420525656000,0,0
weibo.com,weibo.com,1420525656000,0,0
pos.baidu.com,baidu.com,1420525656000,0,0
login.taobao.com,taobao.com,1420525656000,0,0
stats.autohome.com.cn,autohome.com.cn,1420525658000,0,0
club.autohome.com.cn,autohome.com.cn,1420525658000,0,0
eclick.baidu.com,baidu.com,1420525660000,0,0
pos.baidu.com,baidu.com,1420525674000,0,0
weibo.com,weibo.com,1420525674000,0,0
www.baidu.com,baidu.com,1420525674000,0,0
s.cpro.baidu.com,baidu.com,1420525674000,0,0
bd.tst.35go.net,35go.net,1420525674000,0,0
login.taobao.com,taobao.com,1420525676000,0,0
eclick.baidu.com,baidu.com,1420525676000,0,0
pos.baidu.com,baidu.com,1420525676000,0,0
club.autohome.com.cn,autohome.com.cn,1420525678000,0,0
stats.autohome.com.cn,autohome.com.cn,1420525678000,0,0
api.che168.com,che168.com,1420525680000,0,0
dealer.autohome.com.cn,autohome.com.cn,1420525680000,0,0
stats.autohome.com.cn,autohome.com.cn,1420525706000,0,0
pos.baidu.com,baidu.com,1420525706000,0,0
weibo.com,weibo.com,1420525706000,0,0
bd.tst.35go.net,35go.net,1420525706000,0,0
s.cpro.baidu.com,baidu.com,1420525706000,0,0
login.taobao.com,taobao.com,1420525708000,0,0
club.autohome.com.cn,autohome.com.cn,1420525708000,0,0
eclick.baidu.com,baidu.com,1420525724000,0,0
weibo.com,weibo.com,1420525772000,0,0
share.zte.com.cn,zte.com.cn,1420525772000,0,0
pos.baidu.com,baidu.com,1420525772000,0,0
club.autohome.com.cn,autohome.com.cn,1420525772000,0,0
login.sina.com.cn,sina.com.cn,1420525772000,0,0
login.taobao.com,taobao.com,1420525772000,0,0
s.cpro.baidu.com,baidu.com,1420525772000,0,0
pos.baidu.com,baidu.com,1420525772000,0,0
bd.tst.35go.net,35go.net,1420525772000,0,0
eclick.baidu.com,baidu.com,1420525774000,0,0
stats.autohome.com.cn,autohome.com.cn,1420525774000,0,0
club.autohome.com.cn,autohome.com.cn,1420525800000,0,0
share.zte.com.cn,zte.com.cn,1420526212000,0,0
share.zte.com.cn,zte.com.cn,1420526246000,0,0
share.zte.com.cn,zte.com.cn,1420529292000,0,0
share.zte.com.cn,zte.com.cn,1420529908000,0,0
share.zte.com.cn,zte.com.cn,1420529984000,0,0
share.zte.com.cn,zte.com.cn,1420530006000,0,0
share.zte.com.cn,zte.com.cn,1420530064000,0,0
e.zte.com.cn,zte.com.cn,1420537062000,0,0
share.zte.com.cn,zte.com.cn,1420537062000,0,0
share.zte.com.cn,zte.com.cn,1420537062000,0,0
share.zte.com.cn,zte.com.cn,1420537062000,0,0
share.zte.com.cn,zte.com.cn,1420537062000,0,0
share.zte.com.cn,zte.com.cn,1420537064000,0,0
share.zte.com.cn,zte.com.cn,1420537064000,0,0
share.zte.com.cn,zte.com.cn,1420537064000,0,0
e.zte.com.cn,zte.com.cn,1420537064000,0,0
share.zte.com.cn,zte.com.cn,1420537102000,0,0
share.zte.com.cn,zte.com.cn,1420591458000,0,0
share.zte.com.cn,zte.com.cn,1420591524000,0,0
share.zte.com.cn,zte.com.cn,1420591590000,0,0
e.zte.com.cn,zte.com.cn,1420599238000,0,0
share.zte.com.cn,zte.com.cn,1420599238000,0,0
share.zte.com.cn,zte.com.cn,1420599238000,0,0
e.zte.com.cn,zte.com.cn,1420599238000,0,0
share.zte.com.cn,zte.com.cn,1420599238000,0,0
share.zte.com.cn,zte.com.cn,1420599238000,0,0
share.zte.com.cn,zte.com.cn,1420599238000,0,0
share.zte.com.cn,zte.com.cn,1420599238000,0,0
share.zte.com.cn,zte.com.cn,1420599256000,0,0
share.zte.com.cn,zte.com.cn,1420599288000,0,0
share.zte.com.cn,zte.com.cn,1420611798000,0,0
share.zte.com.cn,zte.com.cn,1420611798000,0,0
share.zte.com.cn,zte.com.cn,1420611798000,0,0
share.zte.com.cn,zte.com.cn,1420615604000,0,0
share.zte.com.cn,zte.com.cn,1420616052000,0,0
share.zte.com.cn,zte.com.cn,1420616064000,0,0
staticfile.zte.com.cn,zte.com.cn,1420616780000,0,0
staticfile.zte.com.cn,zte.com.cn,1420616784000,0,0
staticfile.zte.com.cn,zte.com.cn,1420616818000,0,0
share.zte.com.cn,zte.com.cn,1420616828000,0,0
share.zte.com.cn,zte.com.cn,1420618894000,0,0
hr.zte.com.cn,zte.com.cn,1420678336000,0,0
hr.zte.com.cn,zte.com.cn,1420678336000,0,0
hr.zte.com.cn,zte.com.cn,1420678390000,0,0
hr.zte.com.cn,zte.com.cn,1420678390000,0,0
hr.zte.com.cn,zte.com.cn,1420678560000,0,0
dme.zte.com.cn,zte.com.cn,1420678566000,0,0
hr.zte.com.cn,zte.com.cn,1420678566000,0,0
hr.zte.com.cn,zte.com.cn,1420678568000,0,0
pdm.zte.com.cn,zte.com.cn,1420678578000,0,0
pdm.zte.com.cn,zte.com.cn,1420678578000,0,0
pdm.zte.com.cn,zte.com.cn,1420678590000,0,0
pdm.zte.com.cn,zte.com.cn,1420678590000,0,0
share.zte.com.cn,zte.com.cn,1420679858000,0,0
share.zte.com.cn,zte.com.cn,1420680572000,0,0
share.zte.com.cn,zte.com.cn,1420680652000,0,0
share.zte.com.cn,zte.com.cn,1420688534000,0,0
share.zte.com.cn,zte.com.cn,1420696002000,0,0
share.zte.com.cn,zte.com.cn,1420696002000,0,0
share.zte.com.cn,zte.com.cn,1420696002000,0,0
share.zte.com.cn,zte.com.cn,1420696002000,0,0
share.zte.com.cn,zte.com.cn,1420696002000,0,0
e.zte.com.cn,zte.com.cn,1420696002000,0,0
share.zte.com.cn,zte.com.cn,1420696004000,0,0
share.zte.com.cn,zte.com.cn,1420696004000,0,0
e.zte.com.cn,zte.com.cn,1420696004000,0,0
share.zte.com.cn,zte.com.cn,1420696010000,0,0
share.zte.com.cn,zte.com.cn,1420696378000,0,0
share.zte.com.cn,zte.com.cn,1420696394000,0,0
share.zte.com.cn,zte.com.cn,1420696394000,0,0
share.zte.com.cn,zte.com.cn,1420696394000,0,0
share.zte.com.cn,zte.com.cn,1420696404000,0,0
share.zte.com.cn,zte.com.cn,1420696418000,0,0
share.zte.com.cn,zte.com.cn,1420697772000,0,0
hr.zte.com.cn,zte.com.cn,1420698242000,0,0
hr.zte.com.cn,zte.com.cn,1420698244000,0,0
hr.zte.com.cn,zte.com.cn,1420698252000,0,0
hr.zte.com.cn,zte.com.cn,1420698586000,0,0
hr.zte.com.cn,zte.com.cn,1420698586000,0,0
hr.zte.com.cn,zte.com.cn,1420698586000,0,0
share.zte.com.cn,zte.com.cn,1420699120000,0,0
share.zte.com.cn,zte.com.cn,1420700028000,0,0
share.zte.com.cn,zte.com.cn,1420701584000,0,0
share.zte.com.cn,zte.com.cn,1420704210000,0,0
share.zte.com.cn,zte.com.cn,1420704210000,0,0
share.zte.com.cn,zte.com.cn,1420704210000,0,0
share.zte.com.cn,zte.com.cn,1420704228000,0,0
share.zte.com.cn,zte.com.cn,1420765206000,0,0
share.zte.com.cn,zte.com.cn,1420765210000,0,0
share.zte.com.cn,zte.com.cn,1420768232000,0,0
www.cchere.net,cchere.net,1420768329309,1,0
www.cchere.net,cchere.net,1420768368781,1,0
www.cchere.net,cchere.net,1420768371281,1,0
www.cchere.net,cchere.net,1420769080609,1,0
share.zte.com.cn,zte.com.cn,1420783530000,0,0
share.zte.com.cn,zte.com.cn,1420783580000,0,0
share.zte.com.cn,zte.com.cn,1420786718000,0,0
share.zte.com.cn,zte.com.cn,1420786764000,0,0
share.zte.com.cn,zte.com.cn,1420787070000,0,0
hr.zte.com.cn,zte.com.cn,1420791458000,0,0
hr.zte.com.cn,zte.com.cn,1420791458000,0,0
hr.zte.com.cn,zte.com.cn,1420791458000,0,0
hr.zte.com.cn,zte.com.cn,1420791458000,0,0
hr.zte.com.cn,zte.com.cn,1420791460000,0,0
hr.zte.com.cn,zte.com.cn,1420791470000,0,0
share.zte.com.cn,zte.com.cn,1420794818000,0,0
share.zte.com.cn,zte.com.cn,1420794848000,0,0
hr.zte.com.cn,zte.com.cn,1420794924000,0,0
share.zte.com.cn,zte.com.cn,1420797216000,0,0
www.baidu.com,baidu.com,1420797968245,1,0
www.baidu.com,baidu.com,1420797984023,1,0
blog.csdn.net,csdn.net,1420797987130,1,0
team.zte.com.cn,zte.com.cn,1420798928000,0,0
team.zte.com.cn,zte.com.cn,1420798934000,0,0
team.zte.com.cn,zte.com.cn,1420799122000,0,0
share.zte.com.cn,zte.com.cn,1420799124000,0,0
team.zte.com.cn,zte.com.cn,1420799124000,0,0
share.zte.com.cn,zte.com.cn,1420799142000,0,0
share.zte.com.cn,zte.com.cn,1420799184000,0,0
pdm.zte.com.cn,zte.com.cn,1421022584000,0,0
pdm.zte.com.cn,zte.com.cn,1421022590000,0,0
pdm.zte.com.cn,zte.com.cn,1421022604000,0,0
moa.zte.com.cn,zte.com.cn,1421022682000,0,0
pal.zte.com.cn,zte.com.cn,1421022682000,0,0
pbsz.ebank.cmbchina.com,cmbchina.com,1421022720000,0,0
file.cmbchina.com,cmbchina.com,1421022722000,0,0
pal.zte.com.cn,zte.com.cn,1421022902000,0,0
pal.zte.com.cn,zte.com.cn,1421022902000,0,0
pal.zte.com.cn,zte.com.cn,1421022902000,0,0
moa.zte.com.cn,zte.com.cn,1421023194000,0,0
pal.zte.com.cn,zte.com.cn,1421023196000,0,0
pal.zte.com.cn,zte.com.cn,1421023196000,0,0
pal.zte.com.cn,zte.com.cn,1421023196000,0,0
moa.zte.com.cn,zte.com.cn,1421023240000,0,0
pal.zte.com.cn,zte.com.cn,1421023242000,0,0
pal.zte.com.cn,zte.com.cn,1421023244000,0,0
pal.zte.com.cn,zte.com.cn,1421023244000,0,0
share.zte.com.cn,zte.com.cn,1421024812000,0,0
share.zte.com.cn,zte.com.cn,1421024880000,0,0
share.zte.com.cn,zte.com.cn,1421024884000,0,0
share.zte.com.cn,zte.com.cn,1421029874000,0,0
share.zte.com.cn,zte.com.cn,1421029988000,0,0
share.zte.com.cn,zte.com.cn,1421030160000,0,0
share.zte.com.cn,zte.com.cn,1421030966000,0,0
share.zte.com.cn,zte.com.cn,1421030968000,0,0
e.zte.com.cn,zte.com.cn,1421030968000,0,0
share.zte.com.cn,zte.com.cn,1421030968000,0,0
share.zte.com.cn,zte.com.cn,1421030968000,0,0
share.zte.com.cn,zte.com.cn,1421030968000,0,0
share.zte.com.cn,zte.com.cn,1421030968000,0,0
share.zte.com.cn,zte.com.cn,1421030968000,0,0
e.zte.com.cn,zte.com.cn,1421030968000,0,0
share.zte.com.cn,zte.com.cn,1421031020000,0,0
share.zte.com.cn,zte.com.cn,1421031024000,0,0
share.zte.com.cn,zte.com.cn,1421031024000,0,0
share.zte.com.cn,zte.com.cn,1421032290000,0,0
staticfile.zte.com.cn,zte.com.cn,1421032326000,0,0
staticfile.zte.com.cn,zte.com.cn,1421032330000,0,0
staticfile.zte.com.cn,zte.com.cn,1421032346000,0,0
staticfile.zte.com.cn,zte.com.cn,1421032350000,0,0
staticfile.zte.com.cn,zte.com.cn,1421032360000,0,0
share.zte.com.cn,zte.com.cn,1421033828000,0,0
moa.zte.com.cn,zte.com.cn,1421036620000,0,0
pal.zte.com.cn,zte.com.cn,1421036630000,0,0
pal.zte.com.cn,zte.com.cn,1421036630000,0,0
pal.zte.com.cn,zte.com.cn,1421036630000,0,0
share.zte.com.cn,zte.com.cn,1421036678000,0,0
share.zte.com.cn,zte.com.cn,1421040606000,0,0
file.cmbchina.com,cmbchina.com,1421041138000,0,0
share.zte.com.cn,zte.com.cn,1421042440000,0,0
share.zte.com.cn,zte.com.cn,1421042478000,0,0
share.zte.com.cn,zte.com.cn,1421042618000,0,0
share.zte.com.cn,zte.com.cn,1421045156000,0,0
share.zte.com.cn,zte.com.cn,1421050622000,0,0
c.betrad.com,betrad.com,1421050672000,0,0
www.cchere.com,cchere.com,1421050672000,0,0
googleads.g.doubleclick.net,doubleclick.net,1421050672000,0,0
www.cchere.com,cchere.com,1421050746000,0,0
www.cchere.com,cchere.com,1421050840000,0,0
www.cchere.com,cchere.com,1421050934000,0,0
www.cchere.com,cchere.com,1421051024000,0,0
www.cchere.com,cchere.com,1421051068000,0,0
www.cchere.com,cchere.com,1421051078000,0,0
www.cchere.com,cchere.com,1421051176000,0,0
www.cchere.com,cchere.com,1421051194000,0,0
www.cchere.com,cchere.com,1421051378000,0,0
www.cchere.com,cchere.com,1421051424000,0,0
www.cchere.com,cchere.com,1421051458000,0,0
www.cchere.com,cchere.com,1421051468000,0,0
www.cchere.com,cchere.com,1421051566000,0,0
www.cchere.com,cchere.com,1421051608000,0,0
www.cchere.com,cchere.com,1421051764000,0,0
www.cchere.com,cchere.com,1421051832000,0,0
www.cchere.com,cchere.com,1421051858000,0,0
www.cchere.com,cchere.com,1421051886000,0,0
www.cchere.com,cchere.com,1421051914000,0,0
www.cchere.com,cchere.com,1421051936000,0,0
www.cchere.com,cchere.com,1421052076000,0,0
www.cchere.com,cchere.com,1421052088000,0,0
www.cchere.com,cchere.com,1421052104000,0,0
www.cchere.com,cchere.com,1421052118000,0,0
www.cchere.com,cchere.com,1421052128000,0,0
www.cchere.com,cchere.com,1421052150000,0,0
plm.zte.com.cn,zte.com.cn,1421052226000,0,0
share.zte.com.cn,zte.com.cn,1421052958000,0,0
share.zte.com.cn,zte.com.cn,1421052968000,0,0
share.zte.com.cn,zte.com.cn,1421053068000,0,0
share.zte.com.cn,zte.com.cn,1421053112000,0,0
e.zte.com.cn,zte.com.cn,1421053112000,0,0
share.zte.com.cn,zte.com.cn,1421053112000,0,0
e.zte.com.cn,zte.com.cn,1421053112000,0,0
share.zte.com.cn,zte.com.cn,1421053112000,0,0
share.zte.com.cn,zte.com.cn,1421053112000,0,0
e.zte.com.cn,zte.com.cn,1421053112000,0,0
share.zte.com.cn,zte.com.cn,1421053112000,0,0
share.zte.com.cn,zte.com.cn,1421053112000,0,0
share.zte.com.cn,zte.com.cn,1421053164000,0,0
share.zte.com.cn,zte.com.cn,1421053164000,0,0
share.zte.com.cn,zte.com.cn,1421053164000,0,0
share.zte.com.cn,zte.com.cn,1421053164000,0,0
e.zte.com.cn,zte.com.cn,1421053164000,0,0
e.zte.com.cn,zte.com.cn,1421053164000,0,0
share.zte.com.cn,zte.com.cn,1421053164000,0,0
share.zte.com.cn,zte.com.cn,1421053164000,0,0
share.zte.com.cn,zte.com.cn,1421053230000,0,0
10.30.8.193,10.30.8.193,1421053296000,0,0
10.30.8.193,10.30.8.193,1421053296000,0,0
share.zte.com.cn,zte.com.cn,1421053958000,0,0
share.zte.com.cn,zte.com.cn,1421110134000,0,0
share.zte.com.cn,zte.com.cn,1421110606000,0,0
share.zte.com.cn,zte.com.cn,1421110646000,0,0
share.zte.com.cn,zte.com.cn,1421110756000,0,0
www.cchere.com,cchere.com,1421111032000,0,0
www.cchere.com,cchere.com,1421111210000,0,0
www.cchere.com,cchere.com,1421111398000,0,0
ju.mmstat.com,mmstat.com,1421111584000,0,0
share.zte.com.cn,zte.com.cn,1421111592000,0,0
www.cchere.com,cchere.com,1421111592000,0,0
www.cchere.com,cchere.com,1421111618000,0,0
share.zte.com.cn,zte.com.cn,1421111626000,0,0
p4-g7dm3ys22mtxw-7ukomcpcemu7prh4-if-v6exp3-v4.metric.gstatic.com,gstatic.com,1421111628000,0,0
www.cchere.com,cchere.com,1421111652000,0,0
share.zte.com.cn,zte.com.cn,1421112308000,0,0
share.zte.com.cn,zte.com.cn,1421112308000,0,0
share.zte.com.cn,zte.com.cn,1421112308000,0,0
share.zte.com.cn,zte.com.cn,1421112308000,0,0
share.zte.com.cn,zte.com.cn,1421114180000,0,0
e.zte.com.cn,zte.com.cn,1421114180000,0,0
e.zte.com.cn,zte.com.cn,1421114180000,0,0
share.zte.com.cn,zte.com.cn,1421114180000,0,0
share.zte.com.cn,zte.com.cn,1421114180000,0,0
share.zte.com.cn,zte.com.cn,1421114182000,0,0
share.zte.com.cn,zte.com.cn,1421114182000,0,0
share.zte.com.cn,zte.com.cn,1421114182000,0,0
share.zte.com.cn,zte.com.cn,1421114182000,0,0
share.zte.com.cn,zte.com.cn,1421114270000,0,0
share.zte.com.cn,zte.com.cn,1421115194000,0,0
share.zte.com.cn,zte.com.cn,1421115210000,0,0
share.zte.com.cn,zte.com.cn,1421116728000,0,0
share.zte.com.cn,zte.com.cn,1421116756000,0,0
share.zte.com.cn,zte.com.cn,1421116804000,0,0
share.zte.com.cn,zte.com.cn,1421116838000,0,0
share.zte.com.cn,zte.com.cn,1421116838000,0,0
www.cchere.com,cchere.com,1421116968000,0,0
p4-hotkjv4eq2wum-owqawbvcmy6tzxkw-if-v6exp3-v4.metric.gstatic.com,gstatic.com,1421116970000,0,0
www.cchere.com,cchere.com,1421116990000,0,0
p4-gfwqgluserwo6-litpjhlbldatxh4v-if-v6exp3-v4.metric.gstatic.com,gstatic.com,1421116992000,0,0
p4-ekhbyibvpet72-wm43cmzdns62jj6u-if-v6exp3-v4.metric.gstatic.com,gstatic.com,1421116992000,0,0
www.cchere.com,cchere.com,1421117044000,0,0
p4-fke3hg2cw3vlw-peyfaezczc4catfa-if-v6exp3-v4.metric.gstatic.com,gstatic.com,1421117078000,0,0
www.cchere.com,cchere.com,1421117224000,0,0
googleads.g.doubleclick.net,doubleclick.net,1421117226000,0,0
www.cchere.com,cchere.com,1421117322000,0,0
www.cchere.com,cchere.com,1421117330000,0,0
www.cchere.com,cchere.com,1421117382000,0,0
www.cchere.com,cchere.com,1421117444000,0,0
www.cchere.com,cchere.com,1421117650000,0,0
www.cchere.com,cchere.com,1421117652000,0,0
www.cchere.com,cchere.com,1421117674000,0,0
img1.126.net,126.net,1421117690000,0,0
img1.126.net,126.net,1421117690000,0,0
news.163.com,163.com,1421117690000,0,0
img1.126.net,126.net,1421117690000,0,0
g.163.com,163.com,1421117690000,0,0
www.163.com,163.com,1421117690000,0,0
img1.126.net,126.net,1421117690000,0,0
www.163.com,163.com,1421117690000,0,0
g.163.com,163.com,1421117690000,0,0
www.163.com,163.com,1421117690000,0,0
www.163.com,163.com,1421117690000,0,0
img1.126.net,126.net,1421117690000,0,0
g.163.com,163.com,1421117690000,0,0
g.163.com,163.com,1421117690000,0,0
img1.126.net,126.net,1421117690000,0,0
temp.163.com,163.com,1421117690000,0,0
img1.126.net,126.net,1421117690000,0,0
g.163.com,163.com,1421117690000,0,0
img1.126.net,126.net,1421117690000,0,0
impservice.union.youdao.com,youdao.com,1421117692000,0,0
caipiao.163.com,163.com,1421117692000,0,0
img3.126.net,126.net,1421117692000,0,0
ads.zhiziyun.com,zhiziyun.com,1421117692000,0,0
cdn.tanx.com,tanx.com,1421117692000,0,0
mall.163.com,163.com,1421117692000,0,0
img1.126.net,126.net,1421117694000,0,0
10.3.76.100,10.3.76.100,1421117694000,0,0
tpc.googlesyndication.com,googlesyndication.com,1421117694000,0,0
cm.g.doubleclick.net,doubleclick.net,1421117694000,0,0
strip.taobaocdn.com,taobaocdn.com,1421117694000,0,0
house.163.com,163.com,1421117694000,0,0
googleads.g.doubleclick.net,doubleclick.net,1421117696000,0,0
googleads.g.doubleclick.net,doubleclick.net,1421117696000,0,0
www.cchere.com,cchere.com,1421117698000,0,0
www.cchere.com,cchere.com,1421117798000,0,0
www.cchere.com,cchere.com,1421117842000,0,0
share.zte.com.cn,zte.com.cn,1421118084000,0,0
share.zte.com.cn,zte.com.cn,1421118228000,0,0
share.zte.com.cn,zte.com.cn,1421118228000,0,0
share.zte.com.cn,zte.com.cn,1421118228000,0,0
share.zte.com.cn,zte.com.cn,1421118228000,0,0
moa.zte.com.cn,zte.com.cn,1421122022000,0,0
pal.zte.com.cn,zte.com.cn,1421122028000,0,0
pal.zte.com.cn,zte.com.cn,1421122030000,0,0
pal.zte.com.cn,zte.com.cn,1421122030000,0,0
login.taobao.com,taobao.com,1421122153675,1,0
login.taobao.com,taobao.com,1421122186592,1,0
www.taobao.com,taobao.com,1421122187684,2,1
buyer.trade.taobao.com,taobao.com,1421122192448,1,0
trade.tmall.com,tmall.com,1421122203356,1,0
trade.taobao.com,taobao.com,1421122204898,1,0
buyer.trade.taobao.com,taobao.com,1421122226855,1,0
detail.tmall.com,tmall.com,1421122261479,1,0
share.zte.com.cn,zte.com.cn,1421128948000,0,0
share.zte.com.cn,zte.com.cn,1421129054000,0,0
share.zte.com.cn,zte.com.cn,1421132262000,0,0
share.zte.com.cn,zte.com.cn,1421132272000,0,0
share.zte.com.cn,zte.com.cn,1421140972000,0,0
share.zte.com.cn,zte.com.cn,1421196604000,0,0
share.zte.com.cn,zte.com.cn,1421196610000,0,0
share.zte.com.cn,zte.com.cn,1421196612000,0,0
share.zte.com.cn,zte.com.cn,1421196764000,0,0
share.zte.com.cn,zte.com.cn,1421198392000,0,0
share.zte.com.cn,zte.com.cn,1421198444000,0,0
share.zte.com.cn,zte.com.cn,1421200024000,0,0
share.zte.com.cn,zte.com.cn,1421200106000,0,0
share.zte.com.cn,zte.com.cn,1421201664000,0,0
staticfile.zte.com.cn,zte.com.cn,1421201760000,0,0
share.zte.com.cn,zte.com.cn,1421201762000,0,0
share.zte.com.cn,zte.com.cn,1421204930000,0,0
www.myzte.com,myzte.com,1421214712000,0,0
www.myzte.com,myzte.com,1421214752000,0,0
www.myzte.com,myzte.com,1421214866000,0,0
www.myzte.com,myzte.com,1421214870000,0,0
www.myzte.com,myzte.com,1421214870000,0,0
www.myzte.com,myzte.com,1421214870000,0,0
v1.live800.com,live800.com,1421214870000,0,0
www.myzte.com,myzte.com,1421216396000,0,0
share.zte.com.cn,zte.com.cn,1421218476000,0,0
share.zte.com.cn,zte.com.cn,1421218514000,0,0
share.zte.com.cn,zte.com.cn,1421218538000,0,0
share.zte.com.cn,zte.com.cn,1421218636000,0,0
e.zte.com.cn,zte.com.cn,1421219858000,0,0
share.zte.com.cn,zte.com.cn,1421219858000,0,0
share.zte.com.cn,zte.com.cn,1421219858000,0,0
e.zte.com.cn,zte.com.cn,1421219858000,0,0
share.zte.com.cn,zte.com.cn,1421219858000,0,0
share.zte.com.cn,zte.com.cn,1421219858000,0,0
share.zte.com.cn,zte.com.cn,1421219858000,0,0
share.zte.com.cn,zte.com.cn,1421219858000,0,0
e.zte.com.cn,zte.com.cn,1421219888000,0,0
share.zte.com.cn,zte.com.cn,1421219888000,0,0
share.zte.com.cn,zte.com.cn,1421219888000,0,0
share.zte.com.cn,zte.com.cn,1421219888000,0,0
share.zte.com.cn,zte.com.cn,1421219888000,0,0
e.zte.com.cn,zte.com.cn,1421219888000,0,0
share.zte.com.cn,zte.com.cn,1421219888000,0,0
share.zte.com.cn,zte.com.cn,1421219888000,0,0
share.zte.com.cn,zte.com.cn,1421219898000,0,0
share.zte.com.cn,zte.com.cn,1421219906000,0,0
share.zte.com.cn,zte.com.cn,1421220586000,0,0
share.zte.com.cn,zte.com.cn,1421221006000,0,0
share.zte.com.cn,zte.com.cn,1421221962000,0,0
share.zte.com.cn,zte.com.cn,1421223852000,0,0
share.zte.com.cn,zte.com.cn,1421225572000,0,0
share.zte.com.cn,zte.com.cn,1421284684000,0,0
share.zte.com.cn,zte.com.cn,1421286268000,0,0
share.zte.com.cn,zte.com.cn,1421286868000,0,0
share.zte.com.cn,zte.com.cn,1421288996000,0,0
share.zte.com.cn,zte.com.cn,1421304782000,0,0
share.zte.com.cn,zte.com.cn,1421307746000,0,0
share.zte.com.cn,zte.com.cn,1421307746000,0,0
share.zte.com.cn,zte.com.cn,1421307746000,0,0
share.zte.com.cn,zte.com.cn,1421307756000,0,0
share.zte.com.cn,zte.com.cn,1421308112000,0,0
share.zte.com.cn,zte.com.cn,1421310788000,0,0
share.zte.com.cn,zte.com.cn,1421310788000,0,0
share.zte.com.cn,zte.com.cn,1421310832000,0,0
share.zte.com.cn,zte.com.cn,1421310852000,0,0
share.zte.com.cn,zte.com.cn,1421310872000,0,0
share.zte.com.cn,zte.com.cn,1421312370000,0,0
share.zte.com.cn,zte.com.cn,1421312556000,0,0
share.zte.com.cn,zte.com.cn,1421312594000,0,0
share.zte.com.cn,zte.com.cn,1421313612000,0,0
moa.zte.com.cn,zte.com.cn,1421367974000,0,0
pal.zte.com.cn,zte.com.cn,1421367976000,0,0
pal.zte.com.cn,zte.com.cn,1421367978000,0,0
pal.zte.com.cn,zte.com.cn,1421367978000,0,0
share.zte.com.cn,zte.com.cn,1421369504000,0,0
share.zte.com.cn,zte.com.cn,1421369504000,0,0
share.zte.com.cn,zte.com.cn,1421369568000,0,0
share.zte.com.cn,zte.com.cn,1421369568000,0,0
share.zte.com.cn,zte.com.cn,1421369568000,0,0
share.zte.com.cn,zte.com.cn,1421369576000,0,0
share.zte.com.cn,zte.com.cn,1421372348000,0,0
share.zte.com.cn,zte.com.cn,1421372922000,0,0
share.zte.com.cn,zte.com.cn,1421372972000,0,0
share.zte.com.cn,zte.com.cn,1421373014000,0,0
share.zte.com.cn,zte.com.cn,1421373024000,0,0
share.zte.com.cn,zte.com.cn,1421374020000,0,0
share.zte.com.cn,zte.com.cn,1421374068000,0,0
share.zte.com.cn,zte.com.cn,1421374158000,0,0
share.zte.com.cn,zte.com.cn,1421374222000,0,0
www.cchere.net,cchere.net,1421374501301,1,0
www.cchere.net,cchere.net,1421374563211,1,0
www.cchere.net,cchere.net,1421374608272,1,0
www.cchere.net,cchere.net,1421374915522,1,0
www.cchere.net,cchere.net,1421374966210,1,0
www.cchere.net,cchere.net,1421374975617,1,0
share.zte.com.cn,zte.com.cn,1421375100000,0,0
share.zte.com.cn,zte.com.cn,1421378014000,0,0
share.zte.com.cn,zte.com.cn,1421378014000,0,0
share.zte.com.cn,zte.com.cn,1421378016000,0,0
share.zte.com.cn,zte.com.cn,1421378016000,0,0
share.zte.com.cn,zte.com.cn,1421378102000,0,0
share.zte.com.cn,zte.com.cn,1421386910000,0,0
share.zte.com.cn,zte.com.cn,1421387902000,0,0
pbsz.ebank.cmbchina.com,cmbchina.com,1421389966000,0,0
share.zte.com.cn,zte.com.cn,1421390538000,0,0
share.zte.com.cn,zte.com.cn,1421392946000,0,0
share.zte.com.cn,zte.com.cn,1421392946000,0,0
share.zte.com.cn,zte.com.cn,1421393070000,0,0
share.zte.com.cn,zte.com.cn,1421393762000,0,0
share.zte.com.cn,zte.com.cn,1421393782000,0,0
share.zte.com.cn,zte.com.cn,1421395818000,0,0
share.zte.com.cn,zte.com.cn,1421395862000,0,0
share.zte.com.cn,zte.com.cn,1421395864000,0,0
share.zte.com.cn,zte.com.cn,1421396092000,0,0
share.zte.com.cn,zte.com.cn,1421396092000,0,0
share.zte.com.cn,zte.com.cn,1421396220000,0,0
share.zte.com.cn,zte.com.cn,1421396222000,0,0
share.zte.com.cn,zte.com.cn,1421396238000,0,0
share.zte.com.cn,zte.com.cn,1421396240000,0,0
www.zte.com.cn,zte.com.cn,1421397909632,25,0
wwwen.zte.com.cn,zte.com.cn,1421397909643,25,0
www.cchere.net,cchere.net,1421397924344,1,0
www.cchere.net,cchere.net,1421397943863,1,0
www.cchere.net,cchere.net,1421397960655,1,0
share.zte.com.cn,zte.com.cn,1421401858000,0,0
share.zte.com.cn,zte.com.cn,1421401864000,0,0
team.zte.com.cn,zte.com.cn,1421401866000,0,0
team.zte.com.cn,zte.com.cn,1421401930000,0,0
team.zte.com.cn,zte.com.cn,1421401960000,0,0
team.zte.com.cn,zte.com.cn,1421402230000,0,0
team.zte.com.cn,zte.com.cn,1421402230000,0,0
team.zte.com.cn,zte.com.cn,1421402230000,0,0
share.zte.com.cn,zte.com.cn,1421402236000,0,0
share.zte.com.cn,zte.com.cn,1421628258000,0,0
share.zte.com.cn,zte.com.cn,1421628266000,0,0
share.zte.com.cn,zte.com.cn,1421628370000,0,0
share.zte.com.cn,zte.com.cn,1421629040000,0,0
share.zte.com.cn,zte.com.cn,1421629042000,0,0
moa.zte.com.cn,zte.com.cn,1421632730000,0,0
pal.zte.com.cn,zte.com.cn,1421632730000,0,0
pal.zte.com.cn,zte.com.cn,1421632932000,0,0
share.zte.com.cn,zte.com.cn,1421633138000,0,0
pal.zte.com.cn,zte.com.cn,1421633138000,0,0
etrip.zte.com.cn,zte.com.cn,1421633160000,0,0
etrip.zte.com.cn,zte.com.cn,1421633228000,0,0
etrip.zte.com.cn,zte.com.cn,1421633250000,0,0
etrip.zte.com.cn,zte.com.cn,1421633262000,0,0
im2.zte.com.cn,zte.com.cn,1421633310000,0,0
share.zte.com.cn,zte.com.cn,1421634552000,0,0
share.zte.com.cn,zte.com.cn,1421635750000,0,0
share.zte.com.cn,zte.com.cn,1421637252000,0,0
www.baidu.com,baidu.com,1421637305803,1,0
blog.csdn.net,csdn.net,1421637315611,1,0
www.th7.cn,th7.cn,1421637316595,1,0
share.zte.com.cn,zte.com.cn,1421637320000,0,0
wenku.baidu.com,baidu.com,1421637390610,1,0
cn.bing.com,bing.com,1421637521584,1,0
news.qq.com,qq.com,1421637528509,1,0
cn.bing.com,bing.com,1421637602903,1,0
cn.bing.com,bing.com,1421637611243,1,0
stackoverflow.com,stackoverflow.com,1421637614696,1,0
cn.bing.com,bing.com,1421637739936,1,0
stackoverflow.com,stackoverflow.com,1421637751038,1,0
cn.bing.com,bing.com,1421637975978,1,0
stackoverflow.com,stackoverflow.com,1421637984173,1,0
software.dzhuvinov.com,dzhuvinov.com,1421638028828,1,0
stackoverflow.com,stackoverflow.com,1421638232418,1,0
pdm.zte.com.cn,zte.com.cn,1421638626000,0,0
share.zte.com.cn,zte.com.cn,1421638794000,0,0
share.zte.com.cn,zte.com.cn,1421644332000,0,0
passport.jd.com,jd.com,1421644374000,0,0
x.jd.com,jd.com,1421644392000,0,0
x.jd.com,jd.com,1421644402000,0,0
nfa.jd.com,jd.com,1421644432000,0,0
item.jd.com,jd.com,1421644460000,0,0
item.jd.com,jd.com,1421644510000,0,0
search.jd.com,jd.com,1421644562000,0,0
www.pingan.com,pingan.com,1421644626000,0,0
ssl.pingan.com,pingan.com,1421644626000,0,0
ssl.pingan.com,pingan.com,1421644626000,0,0
ssl.pingan.com,pingan.com,1421644626000,0,0
ssl.pingan.com,pingan.com,1421644626000,0,0
www.pingan.com.cn,pingan.com.cn,1421644658000,0,0
www.pingan.com.cn,pingan.com.cn,1421644660000,0,0
www.pingan.com.cn,pingan.com.cn,1421644660000,0,0
www.pingan.com.cn,pingan.com.cn,1421644662000,0,0
www.pingan.com.cn,pingan.com.cn,1421644662000,0,0
ssl.pingan.com,pingan.com,1421644662000,0,0
www.pingan.com.cn,pingan.com.cn,1421644662000,0,0
bank.pingan.com.cn,pingan.com.cn,1421644662000,0,0
www.pingan.com.cn,pingan.com.cn,1421644664000,0,0
bank.pingan.com.cn,pingan.com.cn,1421644666000,0,0
bank.pingan.com.cn,pingan.com.cn,1421644666000,0,0
bank.pingan.com.cn,pingan.com.cn,1421644666000,0,0
www.pingan.com,pingan.com,1421644668000,0,0
www.pingan.com.cn,pingan.com.cn,1421644668000,0,0
www.pingan.com,pingan.com,1421644668000,0,0
www.pingan.com.cn,pingan.com.cn,1421644668000,0,0
www.pingan.com.cn,pingan.com.cn,1421644668000,0,0
www.pingan.com.cn,pingan.com.cn,1421644668000,0,0
bank.pingan.com.cn,pingan.com.cn,1421644668000,0,0
bank.pingan.com.cn,pingan.com.cn,1421644668000,0,0
www.pingan.com,pingan.com,1421644668000,0,0
www.pingan.com.cn,pingan.com.cn,1421644668000,0,0
creditcard.pingan.com.cn,pingan.com.cn,1421644674000,0,0
creditcard.pingan.com.cn,pingan.com.cn,1421644676000,0,0
www.pingan.com.cn,pingan.com.cn,1421644692000,0,0
creditcard.pingan.com.cn,pingan.com.cn,1421644696000,0,0
bank.pingan.com.cn,pingan.com.cn,1421644696000,0,0
creditcard.pingan.com.cn,pingan.com.cn,1421644700000,0,0
www.pingan.com,pingan.com,1421644704000,0,0
www.pingan.com,pingan.com,1421644704000,0,0
www.pingan.com,pingan.com,1421644704000,0,0
www.pingan.com,pingan.com,1421644704000,0,0
creditcard.pingan.com.cn,pingan.com.cn,1421644716000,0,0
www.pingan.com.cn,pingan.com.cn,1421645006000,0,0
file.cmbchina.com,cmbchina.com,1421645088000,0,0
share.zte.com.cn,zte.com.cn,1421647712000,0,0
share.zte.com.cn,zte.com.cn,1421647712000,0,0
share.zte.com.cn,zte.com.cn,1421647712000,0,0
share.zte.com.cn,zte.com.cn,1421647718000,0,0
cn.bing.com,bing.com,1421650622551,1,0
share.zte.com.cn,zte.com.cn,1421650634000,0,0
jquery.com,jquery.com,1421650641131,1,0
jquery.com,jquery.com,1421651779680,1,0
www.modern.ie,modern.ie,1421652134725,1,0
share.zte.com.cn,zte.com.cn,1421653950000,0,0
share.zte.com.cn,zte.com.cn,1421656280000,0,0
share.zte.com.cn,zte.com.cn,1421659748000,0,0
share.zte.com.cn,zte.com.cn,1421659774000,0,0
share.zte.com.cn,zte.com.cn,1421659840000,0,0
share.zte.com.cn,zte.com.cn,1421660698000,0,0
share.zte.com.cn,zte.com.cn,1421660708000,0,0
univ.zte.com.cn,zte.com.cn,1421661244000,0,0
elearning.zte.com.cn,zte.com.cn,1421661248000,0,0
etrip.zte.com.cn,zte.com.cn,1421661250000,0,0
etrip.zte.com.cn,zte.com.cn,1421661250000,0,0
etrip.zte.com.cn,zte.com.cn,1421661250000,0,0
etrip.zte.com.cn,zte.com.cn,1421661250000,0,0
etrip.zte.com.cn,zte.com.cn,1421661250000,0,0
etrip.zte.com.cn,zte.com.cn,1421661250000,0,0
etrip.zte.com.cn,zte.com.cn,1421661250000,0,0
etrip.zte.com.cn,zte.com.cn,1421661250000,0,0
etrip.zte.com.cn,zte.com.cn,1421661252000,0,0
etrip.zte.com.cn,zte.com.cn,1421661254000,0,0
etrip.zte.com.cn,zte.com.cn,1421661254000,0,0
etrip.zte.com.cn,zte.com.cn,1421661272000,0,0
etrip.zte.com.cn,zte.com.cn,1421661284000,0,0
etrip.zte.com.cn,zte.com.cn,1421661314000,0,0
etrip.zte.com.cn,zte.com.cn,1421661314000,0,0
etrip.zte.com.cn,zte.com.cn,1421661314000,0,0
etrip.zte.com.cn,zte.com.cn,1421661318000,0,0
im2.zte.com.cn,zte.com.cn,1421661334000,0,0
im2.zte.com.cn,zte.com.cn,1421661408000,0,0
im2.zte.com.cn,zte.com.cn,1421661408000,0,0
im2.zte.com.cn,zte.com.cn,1421661420000,0,0
univ.zte.com.cn,zte.com.cn,1421661430000,0,0
elearning.zte.com.cn,zte.com.cn,1421661432000,0,0
elearning.zte.com.cn,zte.com.cn,1421661434000,0,0
elearning.zte.com.cn,zte.com.cn,1421661434000,0,0
it.zte.com.cn,zte.com.cn,1421661436000,0,0
moa.zte.com.cn,zte.com.cn,1422231584000,0,0
pal.zte.com.cn,zte.com.cn,1422231612000,0,0
pal.zte.com.cn,zte.com.cn,1422231612000,0,0
pal.zte.com.cn,zte.com.cn,1422231612000,0,0
moa.zte.com.cn,zte.com.cn,1422231654000,0,0
pal.zte.com.cn,zte.com.cn,1422231656000,0,0
pal.zte.com.cn,zte.com.cn,1422231656000,0,0
pal.zte.com.cn,zte.com.cn,1422231656000,0,0
share.zte.com.cn,zte.com.cn,1422232210000,0,0
share.zte.com.cn,zte.com.cn,1422232210000,0,0
share.zte.com.cn,zte.com.cn,1422232212000,0,0
share.zte.com.cn,zte.com.cn,1422232596000,0,0
share.zte.com.cn,zte.com.cn,1422232622000,0,0
share.zte.com.cn,zte.com.cn,1422232636000,0,0
share.zte.com.cn,zte.com.cn,1422232714000,0,0
hr.zte.com.cn,zte.com.cn,1422232758000,0,0
share.zte.com.cn,zte.com.cn,1422235648000,0,0
share.zte.com.cn,zte.com.cn,1422235752000,0,0
share.zte.com.cn,zte.com.cn,1422236208000,0,0
share.zte.com.cn,zte.com.cn,1422237928000,0,0
share.zte.com.cn,zte.com.cn,1422240888000,0,0
share.zte.com.cn,zte.com.cn,1422241638000,0,0
share.zte.com.cn,zte.com.cn,1422241640000,0,0
share.zte.com.cn,zte.com.cn,1422241640000,0,0
share.zte.com.cn,zte.com.cn,1422241646000,0,0
share.zte.com.cn,zte.com.cn,1422251446000,0,0
share.zte.com.cn,zte.com.cn,1422252320000,0,0
share.zte.com.cn,zte.com.cn,1422252330000,0,0
share.zte.com.cn,zte.com.cn,1422253612000,0,0
share.zte.com.cn,zte.com.cn,1422253614000,0,0
share.zte.com.cn,zte.com.cn,1422253614000,0,0
share.zte.com.cn,zte.com.cn,1422253614000,0,0
share.zte.com.cn,zte.com.cn,1422253614000,0,0
e.zte.com.cn,zte.com.cn,1422253614000,0,0
e.zte.com.cn,zte.com.cn,1422253614000,0,0
share.zte.com.cn,zte.com.cn,1422253614000,0,0
share.zte.com.cn,zte.com.cn,1422253614000,0,0
share.zte.com.cn,zte.com.cn,1422255578000,0,0
share.zte.com.cn,zte.com.cn,1422255578000,0,0
share.zte.com.cn,zte.com.cn,1422255692000,0,0
share.zte.com.cn,zte.com.cn,1422255764000,0,0
share.zte.com.cn,zte.com.cn,1422255830000,0,0
share.zte.com.cn,zte.com.cn,1422255830000,0,0
share.zte.com.cn,zte.com.cn,1422255860000,0,0
share.zte.com.cn,zte.com.cn,1422258158000,0,0
share.zte.com.cn,zte.com.cn,1422259026000,0,0
share.zte.com.cn,zte.com.cn,1422264506000,0,0
fol.zte.com.cn,zte.com.cn,1422264510000,0,0
fol.zte.com.cn,zte.com.cn,1422264598000,0,0
fol.zte.com.cn,zte.com.cn,1422264626000,0,0
share.zte.com.cn,zte.com.cn,1422321356000,0,0
share.zte.com.cn,zte.com.cn,1422321392000,0,0
share.zte.com.cn,zte.com.cn,1422321416000,0,0
share.zte.com.cn,zte.com.cn,1422321442000,0,0
share.zte.com.cn,zte.com.cn,1422321446000,0,0
share.zte.com.cn,zte.com.cn,1422321480000,0,0
share.zte.com.cn,zte.com.cn,1422321498000,0,0
share.zte.com.cn,zte.com.cn,1422321584000,0,0
share.zte.com.cn,zte.com.cn,1422321686000,0,0
share.zte.com.cn,zte.com.cn,1422321688000,0,0
share.zte.com.cn,zte.com.cn,1422321688000,0,0
share.zte.com.cn,zte.com.cn,1422321890000,0,0
share.zte.com.cn,zte.com.cn,1422321892000,0,0
share.zte.com.cn,zte.com.cn,1422321892000,0,0
share.zte.com.cn,zte.com.cn,1422322178000,0,0
share.zte.com.cn,zte.com.cn,1422322178000,0,0
share.zte.com.cn,zte.com.cn,1422322180000,0,0
share.zte.com.cn,zte.com.cn,1422322200000,0,0
pbsz.ebank.cmbchina.com,cmbchina.com,1422322912000,0,0
pbsz.ebank.cmbchina.com,cmbchina.com,1422322912000,0,0
pbsz.ebank.cmbchina.com,cmbchina.com,1422322912000,0,0
file.cmbchina.com,cmbchina.com,1422322914000,0,0
pbsz.ebank.cmbchina.com,cmbchina.com,1422322944000,0,0
file.cmbchina.com,cmbchina.com,1422322944000,0,0
pbsz.ebank.cmbchina.com,cmbchina.com,1422322944000,0,0
file.cmbchina.com,cmbchina.com,1422323000000,0,0
pbsz.ebank.cmbchina.com,cmbchina.com,1422323000000,0,0
pbsz.ebank.cmbchina.com,cmbchina.com,1422323000000,0,0
pbsz.ebank.cmbchina.com,cmbchina.com,1422323000000,0,0
pbsz.ebank.cmbchina.com,cmbchina.com,1422323010000,0,0
pbsz.ebank.cmbchina.com,cmbchina.com,1422323010000,0,0
pbsz.ebank.cmbchina.com,cmbchina.com,1422323010000,0,0
pbsz.ebank.cmbchina.com,cmbchina.com,1422323010000,0,0
file.cmbchina.com,cmbchina.com,1422323130000,0,0
pbsz.ebank.cmbchina.com,cmbchina.com,1422323138000,0,0
pbsz.ebank.cmbchina.com,cmbchina.com,1422323140000,0,0
pbsz.ebank.cmbchina.com,cmbchina.com,1422323140000,0,0
share.zte.com.cn,zte.com.cn,1422328190000,0,0
share.zte.com.cn,zte.com.cn,1422328362000,0,0
share.zte.com.cn,zte.com.cn,1422328410000,0,0
share.zte.com.cn,zte.com.cn,1422328508000,0,0
share.zte.com.cn,zte.com.cn,1422332464000,0,0
share.zte.com.cn,zte.com.cn,1422333380000,0,0
e.zte.com.cn,zte.com.cn,1422333380000,0,0
share.zte.com.cn,zte.com.cn,1422333382000,0,0
share.zte.com.cn,zte.com.cn,1422333382000,0,0
share.zte.com.cn,zte.com.cn,1422333382000,0,0
share.zte.com.cn,zte.com.cn,1422333382000,0,0
share.zte.com.cn,zte.com.cn,1422333382000,0,0
e.zte.com.cn,zte.com.cn,1422333382000,0,0
share.zte.com.cn,zte.com.cn,1422333414000,0,0
share.zte.com.cn,zte.com.cn,1422333484000,0,0
share.zte.com.cn,zte.com.cn,1422333492000,0,0
share.zte.com.cn,zte.com.cn,1422336816000,0,0
share.zte.com.cn,zte.com.cn,1422338198000,0,0
share.zte.com.cn,zte.com.cn,1422339856000,0,0
share.zte.com.cn,zte.com.cn,1422340666000,0,0
share.zte.com.cn,zte.com.cn,1422340820000,0,0
share.zte.com.cn,zte.com.cn,1422342484000,0,0
share.zte.com.cn,zte.com.cn,1422344896000,0,0
share.zte.com.cn,zte.com.cn,1422344906000,0,0
share.zte.com.cn,zte.com.cn,1422344920000,0,0
www.mailinfo.com,mailinfo.com,1422344932000,0,0
share.zte.com.cn,zte.com.cn,1422346874000,0,0
share.zte.com.cn,zte.com.cn,1422346876000,0,0
share.zte.com.cn,zte.com.cn,1422347284000,0,0
share.zte.com.cn,zte.com.cn,1422349814000,0,0
www.zaobao.com,zaobao.com,1422349836000,0,0
app.st701.com,st701.com,1422349840000,0,0
googleads.g.doubleclick.net,doubleclick.net,1422349840000,0,0
googleads.g.doubleclick.net,doubleclick.net,1422349854000,0,0
cm.g.doubleclick.net,doubleclick.net,1422349856000,0,0
tpc.googlesyndication.com,googlesyndication.com,1422349856000,0,0
www.google.com,google.com,1422349862000,0,0
googleads.g.doubleclick.net,doubleclick.net,1422349862000,0,0
p4-fmbykkv4fhwtg-gu22j23rb2ihoy6v-if-v6exp3-v4.metric.gstatic.com,gstatic.com,1422349862000,0,0
s.effectivemeasure.net,effectivemeasure.net,1422349866000,0,0
widget.weibo.com,weibo.com,1422349872000,0,0
share.zte.com.cn,zte.com.cn,1422351414000,0,0
share.zte.com.cn,zte.com.cn,1422351452000,0,0
www.nsbd.gov.cn,nsbd.gov.cn,1422351724000,0,0
www.nsbd.gov.cn,nsbd.gov.cn,1422351726000,0,0
www.nsbd.gov.cn,nsbd.gov.cn,1422351726000,0,0
www.nsbd.gov.cn,nsbd.gov.cn,1422351726000,0,0
www.nsbd.gov.cn,nsbd.gov.cn,1422351734000,0,0
www.xjqt.gov.cn,xjqt.gov.cn,1422351968000,0,0
www.xjqt.gov.cn,xjqt.gov.cn,1422351974000,0,0
www.xjqt.gov.cn,xjqt.gov.cn,1422352006000,0,0
www.xjqt.gov.cn,xjqt.gov.cn,1422352012000,0,0
www.xjqt.gov.cn,xjqt.gov.cn,1422352072000,0,0
www.xjqt.gov.cn,xjqt.gov.cn,1422352152000,0,0
www.xjqt.gov.cn,xjqt.gov.cn,1422352216000,0,0
www.xjqt.gov.cn,xjqt.gov.cn,1422352230000,0,0
www.xjqt.gov.cn,xjqt.gov.cn,1422352230000,0,0
www.qtdj.gov.cn,qtdj.gov.cn,1422352254000,0,0
share.zte.com.cn,zte.com.cn,1422408488000,0,0
share.zte.com.cn,zte.com.cn,1422408498000,0,0
share.zte.com.cn,zte.com.cn,1422408544000,0,0
share.zte.com.cn,zte.com.cn,1422408572000,0,0
share.zte.com.cn,zte.com.cn,1422409430000,0,0
share.zte.com.cn,zte.com.cn,1422409804000,0,0
fol.zte.com.cn,zte.com.cn,1422412244000,0,0
fol.zte.com.cn,zte.com.cn,1422412244000,0,0
fol.zte.com.cn,zte.com.cn,1422412248000,0,0
fol.zte.com.cn,zte.com.cn,1422412270000,0,0
fol.zte.com.cn,zte.com.cn,1422412276000,0,0
fol.zte.com.cn,zte.com.cn,1422412302000,0,0
fol.zte.com.cn,zte.com.cn,1422412312000,0,0
fol.zte.com.cn,zte.com.cn,1422412344000,0,0
fol.zte.com.cn,zte.com.cn,1422412378000,0,0
fol.zte.com.cn,zte.com.cn,1422412382000,0,0
fol.zte.com.cn,zte.com.cn,1422412414000,0,0
fol.zte.com.cn,zte.com.cn,1422412452000,0,0
fol.zte.com.cn,zte.com.cn,1422412456000,0,0
fol.zte.com.cn,zte.com.cn,1422412464000,0,0
fol.zte.com.cn,zte.com.cn,1422412472000,0,0
fol.zte.com.cn,zte.com.cn,1422412480000,0,0
fol.zte.com.cn,zte.com.cn,1422412492000,0,0
fol.zte.com.cn,zte.com.cn,1422412496000,0,0
fol.zte.com.cn,zte.com.cn,1422412510000,0,0
fol.zte.com.cn,zte.com.cn,1422412514000,0,0
fol.zte.com.cn,zte.com.cn,1422412530000,0,0
fol.zte.com.cn,zte.com.cn,1422412536000,0,0
fol.zte.com.cn,zte.com.cn,1422412648000,0,0
fol.zte.com.cn,zte.com.cn,1422412664000,0,0
fol.zte.com.cn,zte.com.cn,1422415126000,0,0
fol.zte.com.cn,zte.com.cn,1422415128000,0,0
share.zte.com.cn,zte.com.cn,1422416142000,0,0
fol.zte.com.cn,zte.com.cn,1422418598000,0,0
fol.zte.com.cn,zte.com.cn,1422418598000,0,0
fol.zte.com.cn,zte.com.cn,1422418598000,0,0
fol.zte.com.cn,zte.com.cn,1422418598000,0,0
share.zte.com.cn,zte.com.cn,1422422758000,0,0
share.zte.com.cn,zte.com.cn,1422429456000,0,0
share.zte.com.cn,zte.com.cn,1422429534000,0,0
share.zte.com.cn,zte.com.cn,1422429546000,0,0
share.zte.com.cn,zte.com.cn,1422430326000,0,0
e.zte.com.cn,zte.com.cn,1422430334000,0,0
share.zte.com.cn,zte.com.cn,1422430334000,0,0
share.zte.com.cn,zte.com.cn,1422430922000,0,0
www.cchere.net,cchere.net,1422431384441,1,0
www.cchere.net,cchere.net,1422431387651,1,0
www.cchere.net,cchere.net,1422431389713,1,0
www.cchere.net,cchere.net,1422431391538,1,0
www.cchere.net,cchere.net,1422431394277,1,0
www.cchere.net,cchere.net,1422431396086,1,0
www.cchere.net,cchere.net,1422431397244,1,0
www.cchere.net,cchere.net,1422431401820,1,0
www.cchere.net,cchere.net,1422431412494,1,0
www.cchere.net,cchere.net,1422431448563,1,0
www.cchere.net,cchere.net,1422431456057,1,0
www.cchere.net,cchere.net,1422431464710,1,0
www.cchere.net,cchere.net,1422431477211,1,0
www.cchere.net,cchere.net,1422431507591,1,0
www.cchere.net,cchere.net,1422431511399,1,0
www.cchere.net,cchere.net,1422431526109,1,0
share.zte.com.cn,zte.com.cn,1422432348000,0,0
share.zte.com.cn,zte.com.cn,1422432678000,0,0
fol.zte.com.cn,zte.com.cn,1422432762000,0,0
fol.zte.com.cn,zte.com.cn,1422432762000,0,0
fol.zte.com.cn,zte.com.cn,1422432762000,0,0
share.zte.com.cn,zte.com.cn,1422432960000,0,0
share.zte.com.cn,zte.com.cn,1422432994000,0,0
fol.zte.com.cn,zte.com.cn,1422434672000,0,0
www.chartjs.org,chartjs.org,1422435023627,2,0
www.chartjs.org,chartjs.org,1422435029298,1,1
www.chartjs.org,chartjs.org,1422435040368,1,0
www.chartjs.org,chartjs.org,1422435494651,1,0
www.chartjs.org,chartjs.org,1422435506867,1,0
www.chartjs.org,chartjs.org,1422435512590,1,0
share.zte.com.cn,zte.com.cn,1422436306000,0,0
share.zte.com.cn,zte.com.cn,1422436348000,0,0
share.zte.com.cn,zte.com.cn,1422436392000,0,0
share.zte.com.cn,zte.com.cn,1422436414000,0,0
share.zte.com.cn,zte.com.cn,1422437214000,0,0
flight.qunar.com,qunar.com,1422437791289,1,0
flight.qunar.com,qunar.com,1422437898994,1,0
www.airasia.com,airasia.com,1422437939957,2,0
flight.qunar.com,qunar.com,1422437947593,1,0
flight.qunar.com,qunar.com,1422438019046,1,0
flight.qunar.com,qunar.com,1422438038825,1,0
www.cchere.net,cchere.net,1422438061551,7,7
www.cchere.net,cchere.net,1422438066939,1,0
www.cchere.net,cchere.net,1422438077879,1,0
www.cchere.net,cchere.net,1422438189173,1,0
www.cchere.net,cchere.net,1422438210447,1,0
www.cchere.net,cchere.net,1422438214362,1,0
www.cchere.net,cchere.net,1422438218573,6,0
www.cchere.net,cchere.net,1422438298803,1,0
plm.zte.com.cn,zte.com.cn,1422438886000,0,0
hr.zte.com.cn,zte.com.cn,1422439030000,0,0
hr.zte.com.cn,zte.com.cn,1422439030000,0,0
hr.zte.com.cn,zte.com.cn,1422439030000,0,0
hr.zte.com.cn,zte.com.cn,1422439030000,0,0
hr.zte.com.cn,zte.com.cn,1422439030000,0,0
hr.zte.com.cn,zte.com.cn,1422439030000,0,0
hr.zte.com.cn,zte.com.cn,1422439030000,0,0
hr.zte.com.cn,zte.com.cn,1422439042000,0,0
share.zte.com.cn,zte.com.cn,1422439166000,0,0
share.zte.com.cn,zte.com.cn,1422439176000,0,0
share.zte.com.cn,zte.com.cn,1422439184000,0,0
share.zte.com.cn,zte.com.cn,1422492750000,0,0
fol.zte.com.cn,zte.com.cn,1422493114000,0,0
fol.zte.com.cn,zte.com.cn,1422493114000,0,0
pdm.zte.com.cn,zte.com.cn,1422496688000,0,0
pdm.zte.com.cn,zte.com.cn,1422496688000,0,0
pdm.zte.com.cn,zte.com.cn,1422496702000,0,0
pdm.zte.com.cn,zte.com.cn,1422496702000,0,0
pdm.zte.com.cn,zte.com.cn,1422496704000,0,0
pdm.zte.com.cn,zte.com.cn,1422496704000,0,0
share.zte.com.cn,zte.com.cn,1422498288000,0,0
share.zte.com.cn,zte.com.cn,1422498288000,0,0
share.zte.com.cn,zte.com.cn,1422498348000,0,0
share.zte.com.cn,zte.com.cn,1422498348000,0,0
share.zte.com.cn,zte.com.cn,1422498422000,0,0
e.zte.com.cn,zte.com.cn,1422502090000,0,0
share.zte.com.cn,zte.com.cn,1422502090000,0,0
share.zte.com.cn,zte.com.cn,1422502090000,0,0
share.zte.com.cn,zte.com.cn,1422502090000,0,0
share.zte.com.cn,zte.com.cn,1422502090000,0,0
e.zte.com.cn,zte.com.cn,1422502090000,0,0
share.zte.com.cn,zte.com.cn,1422502090000,0,0
share.zte.com.cn,zte.com.cn,1422502090000,0,0
share.zte.com.cn,zte.com.cn,1422502218000,0,0
share.zte.com.cn,zte.com.cn,1422502250000,0,0
share.zte.com.cn,zte.com.cn,1422502250000,0,0
share.zte.com.cn,zte.com.cn,1422502424000,0,0
share.zte.com.cn,zte.com.cn,1422509250000,0,0
file.cmbchina.com,cmbchina.com,1422509466000,0,0
ccclub.cmbchina.com,cmbchina.com,1422509472000,0,0
pbsz.ebank.cmbchina.com,cmbchina.com,1422509476000,0,0
www.pingan.com,pingan.com,1422509958000,0,0
branch.cmbchina.com,cmbchina.com,1422510228000,0,0
www.cmbchina.com,cmbchina.com,1422510230000,0,0
vip.cmbchina.com,cmbchina.com,1422510230000,0,0
pbsz.ebank.cmbchina.com,cmbchina.com,1422510232000,0,0
pbsz.ebank.cmbchina.com,cmbchina.com,1422510232000,0,0
app.cmbchina.com,cmbchina.com,1422510258000,0,0
pbsz.ebank.cmbchina.com,cmbchina.com,1422510258000,0,0
pbsz.ebank.cmbchina.com,cmbchina.com,1422510258000,0,0
app.cmbchina.com,cmbchina.com,1422510258000,0,0
pbsz.ebank.cmbchina.com,cmbchina.com,1422510258000,0,0
pbsz.ebank.cmbchina.com,cmbchina.com,1422510258000,0,0
pbsz.ebank.cmbchina.com,cmbchina.com,1422510258000,0,0
pbsz.ebank.cmbchina.com,cmbchina.com,1422510258000,0,0
pbsz.ebank.cmbchina.com,cmbchina.com,1422510258000,0,0
file.cmbchina.com,cmbchina.com,1422510260000,0,0
pbsz.ebank.cmbchina.com,cmbchina.com,1422510266000,0,0
pbsz.ebank.cmbchina.com,cmbchina.com,1422510292000,0,0
pbsz.ebank.cmbchina.com,cmbchina.com,1422510292000,0,0
file.cmbchina.com,cmbchina.com,1422510294000,0,0
pbsz.ebank.cmbchina.com,cmbchina.com,1422510654000,0,0
pbsz.ebank.cmbchina.com,cmbchina.com,1422510654000,0,0
file.cmbchina.com,cmbchina.com,1422510654000,0,0
pbsz.ebank.cmbchina.com,cmbchina.com,1422510654000,0,0
pbsz.ebank.cmbchina.com,cmbchina.com,1422510658000,0,0
pbsz.ebank.cmbchina.com,cmbchina.com,1422510658000,0,0
pbsz.ebank.cmbchina.com,cmbchina.com,1422510658000,0,0
pbsz.ebank.cmbchina.com,cmbchina.com,1422510658000,0,0
fol.zte.com.cn,zte.com.cn,1422510680000,0,0
fol.zte.com.cn,zte.com.cn,1422510682000,0,0
fol.zte.com.cn,zte.com.cn,1422510682000,0,0
fol.zte.com.cn,zte.com.cn,1422510682000,0,0
fol.zte.com.cn,zte.com.cn,1422510682000,0,0
fol.zte.com.cn,zte.com.cn,1422510682000,0,0
fol.zte.com.cn,zte.com.cn,1422510682000,0,0
fol.zte.com.cn,zte.com.cn,1422510682000,0,0
fol.zte.com.cn,zte.com.cn,1422510682000,0,0
fol.zte.com.cn,zte.com.cn,1422510698000,0,0
fol.zte.com.cn,zte.com.cn,1422510726000,0,0
fol.zte.com.cn,zte.com.cn,1422510726000,0,0
fol.zte.com.cn,zte.com.cn,1422510738000,0,0
fol.zte.com.cn,zte.com.cn,1422510738000,0,0
fol.zte.com.cn,zte.com.cn,1422510758000,0,0
fol.zte.com.cn,zte.com.cn,1422510768000,0,0
fol.zte.com.cn,zte.com.cn,1422510770000,0,0
fol.zte.com.cn,zte.com.cn,1422510818000,0,0
fol.zte.com.cn,zte.com.cn,1422510818000,0,0
share.zte.com.cn,zte.com.cn,1422510828000,0,0
share.zte.com.cn,zte.com.cn,1422511516000,0,0
share.zte.com.cn,zte.com.cn,1422511846000,0,0
share.zte.com.cn,zte.com.cn,1422511852000,0,0
share.zte.com.cn,zte.com.cn,1422511986000,0,0
share.zte.com.cn,zte.com.cn,1422511988000,0,0
share.zte.com.cn,zte.com.cn,1422511988000,0,0
share.zte.com.cn,zte.com.cn,1422512060000,0,0
share.zte.com.cn,zte.com.cn,1422512062000,0,0
share.zte.com.cn,zte.com.cn,1422512120000,0,0
share.zte.com.cn,zte.com.cn,1422512120000,0,0
share.zte.com.cn,zte.com.cn,1422512354000,0,0
share.zte.com.cn,zte.com.cn,1422512354000,0,0
share.zte.com.cn,zte.com.cn,1422512400000,0,0
share.zte.com.cn,zte.com.cn,1422512404000,0,0
share.zte.com.cn,zte.com.cn,1422512604000,0,0
share.zte.com.cn,zte.com.cn,1422512604000,0,0
share.zte.com.cn,zte.com.cn,1422512618000,0,0
share.zte.com.cn,zte.com.cn,1422512618000,0,0
share.zte.com.cn,zte.com.cn,1422512630000,0,0
share.zte.com.cn,zte.com.cn,1422512642000,0,0
share.zte.com.cn,zte.com.cn,1422512642000,0,0
share.zte.com.cn,zte.com.cn,1422512646000,0,0
share.zte.com.cn,zte.com.cn,1422512648000,0,0
share.zte.com.cn,zte.com.cn,1422512648000,0,0
share.zte.com.cn,zte.com.cn,1422512682000,0,0
share.zte.com.cn,zte.com.cn,1422512734000,0,0
imad.zte.com.cn,zte.com.cn,1422513006000,0,0
share.zte.com.cn,zte.com.cn,1422513086000,0,0
share.zte.com.cn,zte.com.cn,1422513106000,0,0
creditcard.pingan.com.cn,pingan.com.cn,1422513108000,0,0
etrip.zte.com.cn,zte.com.cn,1422513108000,0,0
fol.zte.com.cn,zte.com.cn,1422513108000,0,0
plm.zte.com.cn,zte.com.cn,1422513108000,0,0
www.pingan.com.cn,pingan.com.cn,1422513108000,0,0
share.zte.com.cn,zte.com.cn,1422513108000,0,0
hr.zte.com.cn,zte.com.cn,1422513108000,0,0
www.cchere.com,cchere.com,1422513108000,0,0
www.pingan.com,pingan.com,1422513108000,0,0
team.zte.com.cn,zte.com.cn,1422513108000,0,0
pbsz.ebank.cmbchina.com,cmbchina.com,1422513108000,0,0
www.codeproject.com,codeproject.com,1422515184888,1,0
cn.bing.com,bing.com,1422519282402,1,0
cn.bing.com,bing.com,1422519287569,1,0
www.iconarchive.com,iconarchive.com,1422519301148,1,0
www.iconarchive.com,iconarchive.com,1422519449094,1,0
www.iconarchive.com,iconarchive.com,1422520472640,1,0
www.iconarchive.com,iconarchive.com,1422520473720,2,0
www.iconarchive.com,iconarchive.com,1422520477814,1,0
www.iconarchive.com,iconarchive.com,1422520889990,1,0
www.iconarchive.com,iconarchive.com,1422520910271,1,0
icons.iconarchive.com,iconarchive.com,1422520920071,1,0
cn.bing.com,bing.com,1422589197045,1,0
www.javascripturlencode.com,javascripturlencode.com,1422589201054,1,0
honkang.blog.163.com,163.com,1422589207521,1,0
www.baidu.com,baidu.com,1422838405563,1,0
www.pcauto.com.cn,pcauto.com.cn,1422838431894,1,0
tieba.baidu.com,baidu.com,1422838445410,1,0
tieba.baidu.com,baidu.com,1422838455972,1,0
tieba.baidu.com,baidu.com,1422838734020,1,0
tieba.baidu.com,baidu.com,1422838748067,1,0
tieba.baidu.com,baidu.com,1422838862786,1,0
tieba.baidu.com,baidu.com,1422838913900,1,0
tieba.baidu.com,baidu.com,1422838955695,1,0
auto.sina.com.cn,sina.com.cn,1422838965587,1,0
image.baidu.com,baidu.com,1422839033685,1,0
image.baidu.com,baidu.com,1422839045850,1,0
image.baidu.com,baidu.com,1422839046540,1,0
image.baidu.com,baidu.com,1422839063295,1,0
image.baidu.com,baidu.com,1422839064095,1,0
www.qorosauto.com,qorosauto.com,1422839133665,1,0
www.qorosauto.com,qorosauto.com,1422839167973,1,0
www.qorosauto.com,qorosauto.com,1422839190518,1,0
www.qorosauto.com,qorosauto.com,1422839351827,2,0
www.qunar.com,qunar.com,1422839961034,1,1
flight.qunar.com,qunar.com,1422839968371,1,0
flight.qunar.com,qunar.com,1422840002161,1,0
www.szmb.gov.cn,szmb.gov.cn,1422840444284,1,0
www.baidu.com,baidu.com,1422840509971,1,0
www.qorosauto.com,qorosauto.com,1422840520751,1,0
www.qorosauto.com,qorosauto.com,1422840664585,4,0
www.qorosauto.com,qorosauto.com,1422840671861,1,0
www.baidu.com,baidu.com,1422840838573,11,11
www.baidu.com,baidu.com,1422840851596,1,0
blog.csdn.net,csdn.net,1422840856869,1,0
zhidao.baidu.com,baidu.com,1422841013791,1,0
cn.bing.com,bing.com,1422841074330,1,0
de.wiki.gov.cn,wiki.gov.cn,1422841081017,1,0
stackoverflow.com,stackoverflow.com,1422841817164,1,0
stackoverflow.com,stackoverflow.com,1422841822157,1,0
css-tricks.com,css-tricks.com,1422841982506,1,0
scratch99.com,scratch99.com,1422841982564,1,0
www.gotknowhow.com,gotknowhow.com,1422842022662,1,0
blogs.markglibres.com,markglibres.com,1422842056495,1,0
en.wikipedia.org,wikipedia.org,1422846142156,1,0
en.wikipedia.org,wikipedia.org,1422846154041,1,0
en.wikipedia.org,wikipedia.org,1422846157825,1,0
publicsuffix.org,publicsuffix.org,1422846198815,2,0
www.baidu.com,baidu.com,1422846640160,1,0
www.baidu.com,baidu.com,1422846647360,1,0
help.www.net.cn,www.net.cn,1422846650054,1,0
www.baidu.com,baidu.com,1422847456169,1,0
www.w3school.com.cn,w3school.com.cn,1422847459019,1,0
www.jb51.net,jb51.net,1422847507900,1,0
www.jb51.net,jb51.net,1422847531727,1,0
www.net.cn,www.net.cn,1422847986253,1,0
www.baidu.com,baidu.com,1422848218119,1,0
www.w3school.com.cn,w3school.com.cn,1422848220112,1,0
www.jd.com,jd.com,1422854948853,1,1
search.jd.com,jd.com,1422854959079,1,0
item.jd.com,jd.com,1422854976968,1,0
search.jd.com,jd.com,1422855019841,1,0
book.jd.com,jd.com,1422855067161,1,0
channel.jd.com,jd.com,1422855090859,1,0
item.jd.com,jd.com,1422855103781,1,0
item.jd.com,jd.com,1422855193006,1,0
cart.jd.com,jd.com,1422855261597,1,0
item.jd.com,jd.com,1422855272081,2,0
item.jd.com,jd.com,1422855291186,1,0
club.jd.com,jd.com,1422855329624,1,0
item.jd.com,jd.com,1422855365816,1,0
item.jd.com,jd.com,1422855431301,1,0
item.jd.com,jd.com,1422855447592,1,0
cart.jd.com,jd.com,1422855477057,1,0
order.jd.com,jd.com,1422855504223,1,0
passport.jd.com,jd.com,1422855504223,1,0
sale.jd.com,jd.com,1422855514993,1,0
www.msofficeforums.com,msofficeforums.com,1422855609749,8,0
www.szmb.gov.cn,szmb.gov.cn,1422855626337,4,4
www.baidu.com,baidu.com,1422855648659,1,0
bbs.it911.cn,it911.cn,1422855653718,1,0
bbs.it911.cn,it911.cn,1422855667482,1,0
bbs.it911.cn,it911.cn,1422855668505,1,0
bbs.it911.cn,it911.cn,1422855685161,1,0
bbs.it911.cn,it911.cn,1422855718601,1,0
web4723188.yun3.mydnns.com,mydnns.com,1422855741919,1,0
www.cherybbs.com,cherybbs.com,1422855757696,1,0
www.cherybbs.com,cherybbs.com,1422855793465,1,0
www.cherybbs.com,cherybbs.com,1422855801671,1,0
www.cherybbs.com,cherybbs.com,1422855811253,1,0
www.cherybbs.com,cherybbs.com,1422855817499,1,0
www.cherybbs.com,cherybbs.com,1422855826997,1,0
www.cherybbs.com,cherybbs.com,1422855846822,1,0
www.cherybbs.com,cherybbs.com,1422855851071,1,0
www.cherybbs.com,cherybbs.com,1422855870548,1,0
www.cherybbs.com,cherybbs.com,1422855873287,1,0
www.cherybbs.com,cherybbs.com,1422855874458,1,0
www.cherybbs.com,cherybbs.com,1422855967873,1,0
www.cherybbs.com,cherybbs.com,1422855970757,1,0
www.cherybbs.com,cherybbs.com,1422856047109,1,0
www.cherybbs.com,cherybbs.com,1422856049106,1,0
www.cherybbs.com,cherybbs.com,1422856123662,1,0
www.cherybbs.com,cherybbs.com,1422856199136,1,0
www.cherybbs.com,cherybbs.com,1422856677522,1,0
www.cherybbs.com,cherybbs.com,1422856682182,1,0
www.cherybbs.com,cherybbs.com,1422856691844,1,0
www.cherybbs.com,cherybbs.com,1422856703324,1,0
www.cherybbs.com,cherybbs.com,1422856708409,1,0
www.cherybbs.com,cherybbs.com,1422856719074,1,0
www.cherybbs.com,cherybbs.com,1422856729521,1,0
www.cherybbs.com,cherybbs.com,1422856737981,1,0
www.cherybbs.com,cherybbs.com,1422856749164,1,0
www.baidu.com,baidu.com,1422857094607,1,0
auto.qq.com,qq.com,1422857100039,1,0
auto.qq.com,qq.com,1422857163196,1,0
auto.qq.com,qq.com,1422857168353,1,0
auto.qq.com,qq.com,1422857169187,1,0
auto.qq.com,qq.com,1422857169889,1,0
auto.qq.com,qq.com,1422857170549,1,0
auto.qq.com,qq.com,1422857171460,1,0
auto.qq.com,qq.com,1422857172533,1,0
auto.qq.com,qq.com,1422857173225,1,0
auto.qq.com,qq.com,1422857174175,1,0
auto.qq.com,qq.com,1422857174883,1,0
auto.qq.com,qq.com,1422857175545,1,0
auto.qq.com,qq.com,1422857176367,1,0
auto.qq.com,qq.com,1422857177031,1,0
cn.bing.com,bing.com,1422863068337,10,0
cn.bing.com,bing.com,1422863240803,1,0
cn.bing.com,bing.com,1422863270058,1,0
cn.bing.com,bing.com,1422863272826,1,0
cn.bing.com,bing.com,1422863281727,1,0
stackoverflow.com,stackoverflow.com,1422863288059,1,0
cn.bing.com,bing.com,1422863794627,1,0
stackoverflow.com,stackoverflow.com,1422863969932,1,0
stackoverflow.com,stackoverflow.com,1422863973886,2,0
api.jquery.com,jquery.com,1422864071699,1,0
cn.bing.com,bing.com,1422864345530,1,0
javascript.info,javascript.info,1422864680915,1,0
www.w3schools.com,w3schools.com,1422864822571,1,0
cn.bing.com,bing.com,1422864937656,1,0
cn.bing.com,bing.com,1422865061693,1,0
www.w3schools.com,w3schools.com,1422865110152,1,0
www.hunlock.com,hunlock.com,1422865117352,1,0
cn.bing.com,bing.com,1422865239667,1,0
stackoverflow.com,stackoverflow.com,1422865243073,1,0
stackoverflow.com,stackoverflow.com,1422865247259,1,0
www.w3schools.com,w3schools.com,1422865265980,1,0
developer.mozilla.org,mozilla.org,1422865363934,1,0
